INSERT INTO COUNTRY (id, name, code) VALUES(222,'ANTARCTICA','AQ');
INSERT INTO COUNTRY (id, name, code) VALUES(223,'BOUVET ISLAND','BV');
INSERT INTO COUNTRY (id, name, code) VALUES(224,'BRITISH INDIAN OCEAN TERRITORY','IO');
INSERT INTO COUNTRY (id, name, code) VALUES(225,'CHRISTMAS ISLAND','CX');
INSERT INTO COUNTRY (id, name, code) VALUES(226,'COCOS (KEELING) ISLANDS','CC');
INSERT INTO COUNTRY (id, name, code) VALUES(228,'FRENCH SOUTHERN TERRITORIES','TF');
INSERT INTO COUNTRY (id, name, code) VALUES(229,'HEARD ISLAND AND MCDONALD ISLANDS','HM');
INSERT INTO COUNTRY (id, name, code) VALUES(230,'HOLY SEE (VATICAN CITY STATE)','VA');
INSERT INTO COUNTRY (id, name, code) VALUES(231,'ISLE OF MAN','IM');
INSERT INTO COUNTRY (id, name, code) VALUES(232,'KOREA, DEMOCRATIC PEOPLE''S REPUBLIC OF','KP');
INSERT INTO COUNTRY (id, name, code) VALUES(233,'MARSHALL ISLANDS','MH');
INSERT INTO COUNTRY (id, name, code) VALUES(234,'MAYOTTE','YT');
INSERT INTO COUNTRY (id, name, code) VALUES(235,'MONTSERRAT','MS');
INSERT INTO COUNTRY (id, name, code) VALUES(237,'NAURU','NR');
INSERT INTO COUNTRY (id, name, code) VALUES(239,'NIUE','NU');
INSERT INTO COUNTRY (id, name, code) VALUES(240,'NORFOLK ISLAND','NF');
INSERT INTO COUNTRY (id, name, code) VALUES(241,'PALAU','PW');
INSERT INTO COUNTRY (id, name, code) VALUES(242,'PUERTO RICO','PR');
INSERT INTO COUNTRY (id, name, code) VALUES(243,'SAINT BARTHÉLEMY','BL');
INSERT INTO COUNTRY (id, name, code) VALUES(244,'SAINT HELENA, ASCENSION AND TRISTAN DA CUNHA','SH');
INSERT INTO COUNTRY (id, name, code) VALUES(245,'SAINT MARTIN','MF');
INSERT INTO COUNTRY (id, name, code) VALUES(246,'SAINT PIERRE AND MIQUELON','PM');
INSERT INTO COUNTRY (id, name, code) VALUES(248,'SIERRA LEONE','SL');
INSERT INTO COUNTRY (id, name, code) VALUES(249,'SOUTH AFRICA','ZA');
INSERT INTO COUNTRY (id, name, code) VALUES(250,'SOUTH GEORGIA AND THE SOUTH SANDWICH ISLANDS','GS');
INSERT INTO COUNTRY (id, name, code) VALUES(251,'SVALBARD AND JAN MAYEN','SJ');
INSERT INTO COUNTRY (id, name, code) VALUES(252,'TIMOR-LESTE','TL');
INSERT INTO COUNTRY (id, name, code) VALUES(253,'TOKELAU','TK');
INSERT INTO COUNTRY (id, name, code) VALUES(254,'TURKS AND CAICOS ISLANDS','TC');
INSERT INTO COUNTRY (id, name, code) VALUES(255,'TUVALU','TV');
INSERT INTO COUNTRY (id, name, code) VALUES(256,'UNITED STATES MINOR OUTLYING ISLANDS','UM');
INSERT INTO COUNTRY (id, name, code) VALUES(259,'WESTERN SAHARA','EH');